{
  "project_info": {
    "project_number": "372684453733",
    "project_id": "fir-app-73f7e",
    "storage_bucket": "fir-app-73f7e.appspot.com"
  },
  "client": [
    {
      "client_info": {
        "mobilesdk_app_id": "1:372684453733:android:1f069ceb2ba1bfa8e1d38c",
        "android_client_info": {
          "package_name": "com.notification.notification"
        }
      },
      "oauth_client": [],
      "api_key": [
        {
          "current_key": "AIzaSyDkuMKXFVTz40KidDWiHKGmS3yw8hYN81c"
        }
      ],
      "services": {
        "appinvite_service": {
          "other_platform_oauth_client": []
        }
      }
    }
  ],
  "configuration_version": "1"
}